<annotation>
	<folder></folder>
	<filename>13_jpg.rf.25fe2574638993521bf6a4bd07e25211.jpg</filename>
	<path>13_jpg.rf.25fe2574638993521bf6a4bd07e25211.jpg</path>
	<source>
		<database>roboflow.ai</database>
	</source>
	<size>
		<width>416</width>
		<height>416</height>
		<depth>3</depth>
	</size>
	<segmented>0</segmented>
	<object>
		<name>Details</name>
		<pose>Unspecified</pose>
		<truncated>0</truncated>
		<difficult>0</difficult>
		<occluded>0</occluded>
		<bndbox>
			<xmin>262</xmin>
			<xmax>316</xmax>
			<ymin>26</ymin>
			<ymax>401</ymax>
		</bndbox>
	</object>
	<object>
		<name>Tax</name>
		<pose>Unspecified</pose>
		<truncated>0</truncated>
		<difficult>0</difficult>
		<occluded>0</occluded>
		<bndbox>
			<xmin>207</xmin>
			<xmax>219</xmax>
			<ymin>282</ymin>
			<ymax>388</ymax>
		</bndbox>
	</object>
	<object>
		<name>Total</name>
		<pose>Unspecified</pose>
		<truncated>0</truncated>
		<difficult>0</difficult>
		<occluded>0</occluded>
		<bndbox>
			<xmin>182</xmin>
			<xmax>196</xmax>
			<ymin>291</ymin>
			<ymax>388</ymax>
		</bndbox>
	</object>
	<object>
		<name>Balance</name>
		<pose>Unspecified</pose>
		<truncated>0</truncated>
		<difficult>0</difficult>
		<occluded>0</occluded>
		<bndbox>
			<xmin>316</xmin>
			<xmax>334</xmax>
			<ymin>269</ymin>
			<ymax>397</ymax>
		</bndbox>
	</object>
	<object>
		<name>Purchase_number</name>
		<pose>Unspecified</pose>
		<truncated>0</truncated>
		<difficult>0</difficult>
		<occluded>0</occluded>
		<bndbox>
			<xmin>331</xmin>
			<xmax>346</xmax>
			<ymin>267</ymin>
			<ymax>395</ymax>
		</bndbox>
	</object>
	<object>
		<name>Date</name>
		<pose>Unspecified</pose>
		<truncated>0</truncated>
		<difficult>0</difficult>
		<occluded>0</occluded>
		<bndbox>
			<xmin>343</xmin>
			<xmax>358</xmax>
			<ymin>302</ymin>
			<ymax>396</ymax>
		</bndbox>
	</object>
	<object>
		<name>Invoice_number</name>
		<pose>Unspecified</pose>
		<truncated>0</truncated>
		<difficult>0</difficult>
		<occluded>0</occluded>
		<bndbox>
			<xmin>368</xmin>
			<xmax>381</xmax>
			<ymin>353</ymin>
			<ymax>403</ymax>
		</bndbox>
	</object>
	<object>
		<name>Keyword</name>
		<pose>Unspecified</pose>
		<truncated>0</truncated>
		<difficult>0</difficult>
		<occluded>0</occluded>
		<bndbox>
			<xmin>380</xmin>
			<xmax>402</xmax>
			<ymin>320</ymin>
			<ymax>403</ymax>
		</bndbox>
	</object>
	<object>
		<name>Bill_to</name>
		<pose>Unspecified</pose>
		<truncated>0</truncated>
		<difficult>0</difficult>
		<occluded>0</occluded>
		<bndbox>
			<xmin>334</xmin>
			<xmax>364</xmax>
			<ymin>35</ymin>
			<ymax>114</ymax>
		</bndbox>
	</object>
	<object>
		<name>Bill_from</name>
		<pose>Unspecified</pose>
		<truncated>0</truncated>
		<difficult>0</difficult>
		<occluded>0</occluded>
		<bndbox>
			<xmin>388</xmin>
			<xmax>417</xmax>
			<ymin>40</ymin>
			<ymax>111</ymax>
		</bndbox>
	</object>
</annotation>
