<annotation>
	<folder></folder>
	<filename>16_jpg.rf.212c7f1384a3dfaca205f49db064ee13.jpg</filename>
	<path>16_jpg.rf.212c7f1384a3dfaca205f49db064ee13.jpg</path>
	<source>
		<database>roboflow.ai</database>
	</source>
	<size>
		<width>416</width>
		<height>416</height>
		<depth>3</depth>
	</size>
	<segmented>0</segmented>
	<object>
		<name>Total</name>
		<pose>Unspecified</pose>
		<truncated>0</truncated>
		<difficult>0</difficult>
		<occluded>0</occluded>
		<bndbox>
			<xmin>206</xmin>
			<xmax>216</xmax>
			<ymin>233</ymin>
			<ymax>361</ymax>
		</bndbox>
	</object>
	<object>
		<name>Details</name>
		<pose>Unspecified</pose>
		<truncated>0</truncated>
		<difficult>0</difficult>
		<occluded>0</occluded>
		<bndbox>
			<xmin>236</xmin>
			<xmax>275</xmax>
			<ymin>30</ymin>
			<ymax>390</ymax>
		</bndbox>
	</object>
	<object>
		<name>Purchase_number</name>
		<pose>Unspecified</pose>
		<truncated>0</truncated>
		<difficult>0</difficult>
		<occluded>0</occluded>
		<bndbox>
			<xmin>280</xmin>
			<xmax>288</xmax>
			<ymin>311</ymin>
			<ymax>366</ymax>
		</bndbox>
	</object>
	<object>
		<name>Date</name>
		<pose>Unspecified</pose>
		<truncated>0</truncated>
		<difficult>0</difficult>
		<occluded>0</occluded>
		<bndbox>
			<xmin>287</xmin>
			<xmax>296</xmax>
			<ymin>309</ymin>
			<ymax>393</ymax>
		</bndbox>
	</object>
	<object>
		<name>Invoice_number</name>
		<pose>Unspecified</pose>
		<truncated>0</truncated>
		<difficult>0</difficult>
		<occluded>0</occluded>
		<bndbox>
			<xmin>294</xmin>
			<xmax>304</xmax>
			<ymin>287</ymin>
			<ymax>377</ymax>
		</bndbox>
	</object>
	<object>
		<name>Invoice_number</name>
		<pose>Unspecified</pose>
		<truncated>0</truncated>
		<difficult>0</difficult>
		<occluded>0</occluded>
		<bndbox>
			<xmin>327</xmin>
			<xmax>339</xmax>
			<ymin>292</ymin>
			<ymax>392</ymax>
		</bndbox>
	</object>
	<object>
		<name>Purchase_number</name>
		<pose>Unspecified</pose>
		<truncated>0</truncated>
		<difficult>0</difficult>
		<occluded>0</occluded>
		<bndbox>
			<xmin>316</xmin>
			<xmax>329</xmax>
			<ymin>232</ymin>
			<ymax>392</ymax>
		</bndbox>
	</object>
	<object>
		<name>Bill_to</name>
		<pose>Unspecified</pose>
		<truncated>0</truncated>
		<difficult>0</difficult>
		<occluded>0</occluded>
		<bndbox>
			<xmin>284</xmin>
			<xmax>309</xmax>
			<ymin>28</ymin>
			<ymax>114</ymax>
		</bndbox>
	</object>
	<object>
		<name>Bill_from</name>
		<pose>Unspecified</pose>
		<truncated>0</truncated>
		<difficult>0</difficult>
		<occluded>0</occluded>
		<bndbox>
			<xmin>358</xmin>
			<xmax>400</xmax>
			<ymin>30</ymin>
			<ymax>127</ymax>
		</bndbox>
	</object>
</annotation>
