<annotation>
	<folder></folder>
	<filename>20_jpg.rf.c88934056ed0cd04c8b8dd1c83893bd5.jpg</filename>
	<path>20_jpg.rf.c88934056ed0cd04c8b8dd1c83893bd5.jpg</path>
	<source>
		<database>roboflow.ai</database>
	</source>
	<size>
		<width>416</width>
		<height>416</height>
		<depth>3</depth>
	</size>
	<segmented>0</segmented>
	<object>
		<name>Total</name>
		<pose>Unspecified</pose>
		<truncated>0</truncated>
		<difficult>0</difficult>
		<occluded>0</occluded>
		<bndbox>
			<xmin>161</xmin>
			<xmax>173</xmax>
			<ymin>35</ymin>
			<ymax>369</ymax>
		</bndbox>
	</object>
	<object>
		<name>Tax</name>
		<pose>Unspecified</pose>
		<truncated>0</truncated>
		<difficult>0</difficult>
		<occluded>0</occluded>
		<bndbox>
			<xmin>168</xmin>
			<xmax>181</xmax>
			<ymin>35</ymin>
			<ymax>368</ymax>
		</bndbox>
	</object>
	<object>
		<name>Details</name>
		<pose>Unspecified</pose>
		<truncated>0</truncated>
		<difficult>0</difficult>
		<occluded>0</occluded>
		<bndbox>
			<xmin>206</xmin>
			<xmax>256</xmax>
			<ymin>29</ymin>
			<ymax>384</ymax>
		</bndbox>
	</object>
	<object>
		<name>Bill_to</name>
		<pose>Unspecified</pose>
		<truncated>0</truncated>
		<difficult>0</difficult>
		<occluded>0</occluded>
		<bndbox>
			<xmin>338</xmin>
			<xmax>354</xmax>
			<ymin>304</ymin>
			<ymax>385</ymax>
		</bndbox>
	</object>
	<object>
		<name>Bill_from</name>
		<pose>Unspecified</pose>
		<truncated>0</truncated>
		<difficult>0</difficult>
		<occluded>0</occluded>
		<bndbox>
			<xmin>332</xmin>
			<xmax>394</xmax>
			<ymin>27</ymin>
			<ymax>118</ymax>
		</bndbox>
	</object>
	<object>
		<name>Purchase_number</name>
		<pose>Unspecified</pose>
		<truncated>0</truncated>
		<difficult>0</difficult>
		<occluded>0</occluded>
		<bndbox>
			<xmin>358</xmin>
			<xmax>367</xmax>
			<ymin>332</ymin>
			<ymax>385</ymax>
		</bndbox>
	</object>
	<object>
		<name>Invoice_number</name>
		<pose>Unspecified</pose>
		<truncated>0</truncated>
		<difficult>0</difficult>
		<occluded>0</occluded>
		<bndbox>
			<xmin>367</xmin>
			<xmax>375</xmax>
			<ymin>327</ymin>
			<ymax>385</ymax>
		</bndbox>
	</object>
	<object>
		<name>Date</name>
		<pose>Unspecified</pose>
		<truncated>0</truncated>
		<difficult>0</difficult>
		<occluded>0</occluded>
		<bndbox>
			<xmin>374</xmin>
			<xmax>382</xmax>
			<ymin>313</ymin>
			<ymax>385</ymax>
		</bndbox>
	</object>
	<object>
		<name>Keyword</name>
		<pose>Unspecified</pose>
		<truncated>0</truncated>
		<difficult>0</difficult>
		<occluded>0</occluded>
		<bndbox>
			<xmin>386</xmin>
			<xmax>401</xmax>
			<ymin>308</ymin>
			<ymax>386</ymax>
		</bndbox>
	</object>
</annotation>
