<annotation>
	<folder></folder>
	<filename>21_jpg.rf.1219198cc0f46f609d1527c24fb9a143.jpg</filename>
	<path>21_jpg.rf.1219198cc0f46f609d1527c24fb9a143.jpg</path>
	<source>
		<database>roboflow.ai</database>
	</source>
	<size>
		<width>416</width>
		<height>416</height>
		<depth>3</depth>
	</size>
	<segmented>0</segmented>
	<object>
		<name>Total</name>
		<pose>Unspecified</pose>
		<truncated>0</truncated>
		<difficult>0</difficult>
		<occluded>0</occluded>
		<bndbox>
			<xmin>35</xmin>
			<xmax>367</xmax>
			<ymin>217</ymin>
			<ymax>223</ymax>
		</bndbox>
	</object>
	<object>
		<name>Tax</name>
		<pose>Unspecified</pose>
		<truncated>0</truncated>
		<difficult>0</difficult>
		<occluded>0</occluded>
		<bndbox>
			<xmin>34</xmin>
			<xmax>366</xmax>
			<ymin>210</ymin>
			<ymax>216</ymax>
		</bndbox>
	</object>
	<object>
		<name>Details</name>
		<pose>Unspecified</pose>
		<truncated>0</truncated>
		<difficult>0</difficult>
		<occluded>0</occluded>
		<bndbox>
			<xmin>31</xmin>
			<xmax>387</xmax>
			<ymin>130</ymin>
			<ymax>178</ymax>
		</bndbox>
	</object>
	<object>
		<name>Bill_to</name>
		<pose>Unspecified</pose>
		<truncated>0</truncated>
		<difficult>0</difficult>
		<occluded>0</occluded>
		<bndbox>
			<xmin>309</xmin>
			<xmax>388</xmax>
			<ymin>67</ymin>
			<ymax>83</ymax>
		</bndbox>
	</object>
	<object>
		<name>Bill_from</name>
		<pose>Unspecified</pose>
		<truncated>0</truncated>
		<difficult>0</difficult>
		<occluded>0</occluded>
		<bndbox>
			<xmin>27</xmin>
			<xmax>199</xmax>
			<ymin>20</ymin>
			<ymax>83</ymax>
		</bndbox>
	</object>
	<object>
		<name>Purchase_number</name>
		<pose>Unspecified</pose>
		<truncated>0</truncated>
		<difficult>0</difficult>
		<occluded>0</occluded>
		<bndbox>
			<xmin>301</xmin>
			<xmax>388</xmax>
			<ymin>54</ymin>
			<ymax>62</ymax>
		</bndbox>
	</object>
	<object>
		<name>Invoice_number</name>
		<pose>Unspecified</pose>
		<truncated>0</truncated>
		<difficult>0</difficult>
		<occluded>0</occluded>
		<bndbox>
			<xmin>326</xmin>
			<xmax>388</xmax>
			<ymin>45</ymin>
			<ymax>52</ymax>
		</bndbox>
	</object>
	<object>
		<name>Date</name>
		<pose>Unspecified</pose>
		<truncated>0</truncated>
		<difficult>0</difficult>
		<occluded>0</occluded>
		<bndbox>
			<xmin>273</xmin>
			<xmax>389</xmax>
			<ymin>37</ymin>
			<ymax>45</ymax>
		</bndbox>
	</object>
	<object>
		<name>Keyword</name>
		<pose>Unspecified</pose>
		<truncated>0</truncated>
		<difficult>0</difficult>
		<occluded>0</occluded>
		<bndbox>
			<xmin>327</xmin>
			<xmax>390</xmax>
			<ymin>18</ymin>
			<ymax>34</ymax>
		</bndbox>
	</object>
	<object>
		<name>Purchase_number</name>
		<pose>Unspecified</pose>
		<truncated>0</truncated>
		<difficult>0</difficult>
		<occluded>0</occluded>
		<bndbox>
			<xmin>64</xmin>
			<xmax>148</xmax>
			<ymin>110</ymin>
			<ymax>118</ymax>
		</bndbox>
	</object>
</annotation>
