<annotation>
	<folder></folder>
	<filename>25_jpg.rf.d9767d57d2265ddf360999e724164f53.jpg</filename>
	<path>25_jpg.rf.d9767d57d2265ddf360999e724164f53.jpg</path>
	<source>
		<database>roboflow.ai</database>
	</source>
	<size>
		<width>416</width>
		<height>416</height>
		<depth>3</depth>
	</size>
	<segmented>0</segmented>
	<object>
		<name>Tax</name>
		<pose>Unspecified</pose>
		<truncated>0</truncated>
		<difficult>0</difficult>
		<occluded>0</occluded>
		<bndbox>
			<xmin>120</xmin>
			<xmax>141</xmax>
			<ymin>218</ymin>
			<ymax>369</ymax>
		</bndbox>
	</object>
	<object>
		<name>Details</name>
		<pose>Unspecified</pose>
		<truncated>0</truncated>
		<difficult>0</difficult>
		<occluded>0</occluded>
		<bndbox>
			<xmin>146</xmin>
			<xmax>224</xmax>
			<ymin>37</ymin>
			<ymax>386</ymax>
		</bndbox>
	</object>
	<object>
		<name>Bill_to</name>
		<pose>Unspecified</pose>
		<truncated>0</truncated>
		<difficult>0</difficult>
		<occluded>0</occluded>
		<bndbox>
			<xmin>214</xmin>
			<xmax>268</xmax>
			<ymin>37</ymin>
			<ymax>134</ymax>
		</bndbox>
	</object>
	<object>
		<name>Date</name>
		<pose>Unspecified</pose>
		<truncated>0</truncated>
		<difficult>0</difficult>
		<occluded>0</occluded>
		<bndbox>
			<xmin>294</xmin>
			<xmax>309</xmax>
			<ymin>209</ymin>
			<ymax>308</ymax>
		</bndbox>
	</object>
	<object>
		<name>Bill_from</name>
		<pose>Unspecified</pose>
		<truncated>0</truncated>
		<difficult>0</difficult>
		<occluded>0</occluded>
		<bndbox>
			<xmin>304</xmin>
			<xmax>360</xmax>
			<ymin>30</ymin>
			<ymax>121</ymax>
		</bndbox>
	</object>
	<object>
		<name>Keyword</name>
		<pose>Unspecified</pose>
		<truncated>0</truncated>
		<difficult>0</difficult>
		<occluded>0</occluded>
		<bndbox>
			<xmin>369</xmin>
			<xmax>391</xmax>
			<ymin>27</ymin>
			<ymax>108</ymax>
		</bndbox>
	</object>
	<object>
		<name>Invoice_number</name>
		<pose>Unspecified</pose>
		<truncated>0</truncated>
		<difficult>0</difficult>
		<occluded>0</occluded>
		<bndbox>
			<xmin>380</xmin>
			<xmax>400</xmax>
			<ymin>147</ymin>
			<ymax>222</ymax>
		</bndbox>
	</object>
</annotation>
