<annotation>
	<folder></folder>
	<filename>9_jpg.rf.b7c859e5a732c7a660981c067704b621.jpg</filename>
	<path>9_jpg.rf.b7c859e5a732c7a660981c067704b621.jpg</path>
	<source>
		<database>roboflow.ai</database>
	</source>
	<size>
		<width>416</width>
		<height>416</height>
		<depth>3</depth>
	</size>
	<segmented>0</segmented>
	<object>
		<name>Details</name>
		<pose>Unspecified</pose>
		<truncated>0</truncated>
		<difficult>0</difficult>
		<occluded>0</occluded>
		<bndbox>
			<xmin>103</xmin>
			<xmax>172</xmax>
			<ymin>28</ymin>
			<ymax>400</ymax>
		</bndbox>
	</object>
	<object>
		<name>Total</name>
		<pose>Unspecified</pose>
		<truncated>0</truncated>
		<difficult>0</difficult>
		<occluded>0</occluded>
		<bndbox>
			<xmin>203</xmin>
			<xmax>218</xmax>
			<ymin>27</ymin>
			<ymax>123</ymax>
		</bndbox>
	</object>
	<object>
		<name>Tax</name>
		<pose>Unspecified</pose>
		<truncated>0</truncated>
		<difficult>0</difficult>
		<occluded>0</occluded>
		<bndbox>
			<xmin>190</xmin>
			<xmax>206</xmax>
			<ymin>27</ymin>
			<ymax>143</ymax>
		</bndbox>
	</object>
	<object>
		<name>Balance</name>
		<pose>Unspecified</pose>
		<truncated>0</truncated>
		<difficult>0</difficult>
		<occluded>0</occluded>
		<bndbox>
			<xmin>72</xmin>
			<xmax>90</xmax>
			<ymin>31</ymin>
			<ymax>163</ymax>
		</bndbox>
	</object>
	<object>
		<name>Bill_from</name>
		<pose>Unspecified</pose>
		<truncated>0</truncated>
		<difficult>0</difficult>
		<occluded>0</occluded>
		<bndbox>
			<xmin>16</xmin>
			<xmax>56</xmax>
			<ymin>329</ymin>
			<ymax>397</ymax>
		</bndbox>
	</object>
	<object>
		<name>Bill_to</name>
		<pose>Unspecified</pose>
		<truncated>0</truncated>
		<difficult>0</difficult>
		<occluded>0</occluded>
		<bndbox>
			<xmin>74</xmin>
			<xmax>104</xmax>
			<ymin>354</ymin>
			<ymax>392</ymax>
		</bndbox>
	</object>
	<object>
		<name>Keyword</name>
		<pose>Unspecified</pose>
		<truncated>0</truncated>
		<difficult>0</difficult>
		<occluded>0</occluded>
		<bndbox>
			<xmin>2</xmin>
			<xmax>24</xmax>
			<ymin>36</ymin>
			<ymax>121</ymax>
		</bndbox>
	</object>
	<object>
		<name>Invoice_number</name>
		<pose>Unspecified</pose>
		<truncated>0</truncated>
		<difficult>0</difficult>
		<occluded>0</occluded>
		<bndbox>
			<xmin>21</xmin>
			<xmax>32</xmax>
			<ymin>33</ymin>
			<ymax>83</ymax>
		</bndbox>
	</object>
	<object>
		<name>Date</name>
		<pose>Unspecified</pose>
		<truncated>0</truncated>
		<difficult>0</difficult>
		<occluded>0</occluded>
		<bndbox>
			<xmin>49</xmin>
			<xmax>62</xmax>
			<ymin>39</ymin>
			<ymax>131</ymax>
		</bndbox>
	</object>
	<object>
		<name>Purchase_number</name>
		<pose>Unspecified</pose>
		<truncated>0</truncated>
		<difficult>0</difficult>
		<occluded>0</occluded>
		<bndbox>
			<xmin>61</xmin>
			<xmax>77</xmax>
			<ymin>39</ymin>
			<ymax>162</ymax>
		</bndbox>
	</object>
</annotation>
